name,price,review,rating
[2025 어워즈/14년연속 누적판매 1위] 메디힐 에센셜 마스크팩 10+2/10+1매 7종 택1,"9,900원 ~",,
[어워즈특가] 일리윤 세라마이드 아토 로션 600+334ML 어워즈 한정기획,"24,500원",,
[어워즈특가] 에스트라 아토베리어365 크림 80ml 어워즈 한정기획 (+30ml+세라-히알 앰플 3ml),"24,700원",,
[어워즈특가] 메디큐브 에이지알 부스터프로 미니플러스 짱구 에디션 (올영한정)/미니플러스 라인업 택 1,"115,900원 ~",,
[어워즈특가/1등 세럼] 토리든 다이브인 저분자 히알루론산 세럼 100ml 어워즈 한정기획,"33,250원",,
[어워즈특가] 마녀공장 퓨어 클렌징 오일 200ml 트리플 어워즈 한정기획 (+클렌징밀크 2mlx5),"29,980원",,
"[어워즈특가/1위패드] 메디힐 더마 패드 100매 더블 어워즈 한정기획 (마데카소사이드, 티트리)","28,330원 ~",,
넘버즈인 1번~5번 마스크팩 10매 기획 5종 중 택 1,"17,390원 ~",,
[어워즈특가] 제로이드 인텐시브 크림 80ml 어워즈 한정기획 (+크림 25ml+ 베스트 3종 샘플 6매),"24,480원",,
[어워즈특가] 유시몰 화이트닝 퍼플코렉터 치약 106g 어워즈 한정기획 (+30g+가글15ml*3),"13,400원",,
[어워즈특가] 웰라쥬 리얼 히알루로닉 블루 100 앰플 75ml 더블 어워즈 한정기획,"30,900원",,
[어워즈특가/수분천재크림] 에스네이처 아쿠아 스쿠알란 수분크림 60ml 더블 어워즈 한정기획 (+세럼10ml),"20,790원",,
[2025 어워즈] 구달 청귤 비타C 잡티케어 세럼 알파 50ml 어워즈기획 (+세럼50ml+크림10ml+겔마스크1매),"28,400원",,
[어워즈특가] 라보에이치 두피강화클리닉 샴푸 750ML 어워즈 한정기획 (+샴푸 120ML*2),"24,900원 ~",,
딜라이트 프로젝트 베이글칩 모음전,"2,500원 ~",,
[어워즈특가] 달바 퍼스트 스프레이 세럼 100ml 어워즈 한정기획 (+100ml+50ml),"39,900원",,
[어워즈특가/1+1] 스킨푸드 캐롯 카로틴 카밍 워터 패드 60매 더블 어워즈 한정기획 (+복숭아패드 10매),"25,000원",,
[어워즈특가] 정샘물 에센셜 스킨 누더 쿠션(어워즈기획/본품+리필),"35,800원 ~",,
[어워즈특가] 비플레인 녹두 약산성 클렌징폼 160ml 더블 어워즈 한정기획(+오일 20ml+밀크밤 3ml*2ea),"23,900원",,
[12/5 하루특가] 라운드랩 자작나무 수분 선크림 50ml 1+1 어워즈 한정기획,"23,400원",,
[어워즈특가] 달바 퍼플 톤업 선크림 50ml+50ml 어워즈 한정기획 (+퍼플 선크림 20ml),"32,900원",,
[어워즈특가]달바 핑크 톤업 선크림 50ml+50ml 어워즈 한정기획 (+핑크 선크림 20ml),"32,900원",,
크리니크 치크 팝 브러쉬 증정 기획/단품,"25,500원 ~",,
[어워즈특가] 바이오던스 바이오 콜라겐 리얼 딥 마스크 7매 어워즈 기획 (+콜라겐 마스크 1매+콜라겐 겔 토너 패드,"28,400원",,
[단독기획] 메이크프렘 클렌징 밀크 한정 기획 (+리필 200ml+하트 곤약스펀지X2개),"21,900원",,
[한정수량/단독기획] 비디비치 블랙 퍼펙션 커버 핏 쿠션 기획 (본품+리필 증정),"36,960원 ~",,
[어워즈특가] 메디큐브 콜라겐 나이트 랩핑 마스크 75ml 어워즈 기획 (+젤리브러쉬 + 미니어처 5ml),"18,700원",,
[현재 영통팬싸 이벤트/어워즈특가] 아누아 피디알엔 히알루론산 캡슐 100 세럼 30mL 어워즈 기획,"25,900원",,
[2025 어워즈] 메디힐 마데카소사이드 흔적 리페어 세럼 40ml 더블 어워즈 한정기획 (+10ml),"21,700원 ~",,
[어워즈특가] 딜라이트 프로젝트 베이글칩 어워즈 한정기획 7종 (먼작귀 스티커 증정),"2,500원 ~",,
[어워즈특가] 메디큐브 PDRN 핑크앰플 30ml 어워즈 기획 (+리필50ml+세럼1.5ml*5매),"24,400원",,
[7일특가/긴급진정] 달바 바이탈 스프레이 세럼 100ml 2개 기획,"30,980원",,
[어워즈특가/5년연속수상] 롬앤 더 쥬시 래스팅 틴트 단품/기획,"9,200원 ~",,
[어워즈특가] 어노브 딥 데미지 헤어 트리트먼트 EX 320ml 어워즈/더블/듀오 기획 4종 택1,"28,900원 ~",,
[NEW] 베리시 웜시스루 스타킹 (유발/무발),"12,930원 ~",,
[어워즈특가] 쏘내추럴 올 데이 타이트 메이크업 픽서 120ml 어워즈 한정기획 (+120ml+프렙10ml),"29,930원",,
[어워즈특가] 바이오더마 센시비오 H2O 500ml 2입 어워즈 한정기획,"29,900원",,
[어워즈특가] 헤라 블랙쿠션 (+리필+쿠션블러셔+립펜슬 듀오),"59,200원 ~",,
[어워즈특가] 토리든 솔리드인 세라마이드 립 에센스 트리플 어워즈 한정기획 (+셀메이징 립에센스 1개+거울 키링),"10,800원",,
[어워즈특가/숙박권증정] 아비브 어성초 흔적 에센스 패드 클리어터치 70매 어워즈 기획 (+리필 70매+패드 10매),"25,900원 ~",,
[박보영 버블팩]메노킨 30초 퀵 버블 마스크 95ml 5종 중 택1,"24,040원 ~",,
[12월 한정/최초리필기획] 마몽드 플로라 글로우 로즈 리퀴드 마스크 80ml 리필 기획 (+리필 80ml),"25,650원",,
[어워즈특가/1등팔레트/쉬머 글로우 팟 증정] 웨이크메이크 소프트 블러링 아이팔레트 26COLOR(단품/기획),"22,610원 ~",,
[물풀프렙 10ml 증정] 연작 스킨 퍼펙팅 프로텍티브 베이스프렙 40ml/25ml,"36,770원 ~",,
[일본한정컬러 증정] 퓌 3D 볼류밍 글로스(30%/70%) 5.3g 17종 (+미니 증정),"12,900원 ~",,
[어워즈특가] 바이오더마 하이드라비오 토너 500ml 어워즈 한정기획 (+250ml),"24,800원",,
릴리이브 그로우턴 탈모 브러쉬 앰플 100ml 기획 (+100ml 리필 증정),"32,100원",,
[프레클 펜 한정기획] 투크 새틴 도화밤 13종 (기획/단품),"13,090원 ~",,
[14년연속 누적판매 1위] 메디힐 에센셜 마스크팩 1매 고기능 7종 택1,950원 ~,,
[12월 한정기획] 클리오 킬래쉬 수퍼프루프마스카라 1+1 기획 (+미니 마스카라),"17,190원 ~",,
일소 딥 클린 마스터(블랙헤드제거기) (+피지압출면봉 10P),"6,750원 ~",,
[70관왕 No.1] 메디힐 더마 패드 100+100매 더블기획 5종 골라담기,"27,400원 ~",,
[NEW 한정컬러] 힌스 로 글로우 젤 틴트 20 Colors (기획/단품),"12,690원 ~",,
[어워즈특가/1등토너] 라운드랩 1025 독도 토너 500ml 어워즈 한정기획 (+200ml 미스트+스킨패드 30매),"28,700원",,
[2년연속수상/어워즈특가] 클리오 프로 아이 팔레트 에어,"21,990원 ~",,
[12/5 하루특가] 닥터지 레드 블레미쉬 클리어 수딩크림 70ml 1+1 어워즈 기획 (+세럼20ml+겔마스크1매),"24,700원",,
[민감피부 추천 무기자차] 제로이드 데일리 선크림 50ml,"24,480원",,
[NEW] 얼터너티브스테레오 립 포션 카라멜 글레이즈 8ml,"15,900원 ~",,
[수분 폼클렌징] 라곰 셀럽 마이크로 폼 클렌저 120ml x 2,"22,200원",,
[어워즈특가] 질레트 랩스 딥클렌징바 어워즈 한정기획 (핸들+2입날+쉐이빙젤+거치대),"27,900원 ~",,
[화잘먹로션/속광케어] 온그리디언츠 스킨 베리어 카밍 로션 기획 (220ml+80ml),"26,990원 ~",,
[7일특가/대용량 한정] 센카 퍼펙트 휩 페이셜 워시 150g 더블 기획 (+ 퍼펙트휩 15g+아크릴키링) (2512),"11,490원",,
[2025 어워즈] 바이오힐보 프로바이오덤 3D리프팅 크림 50mL [단품/리필기획],"27,740원 ~",,
밀잇 식단관리 단백질쉐이크 40g 7종 택1,"3,510원 ~",,
[어워즈특가] 구달 맑은어성초 진정 수분 선크림 50ml 어워즈기획(+50ml+수분 톤업 선크림 25ml),"17,200원",,
닥터 브로너스 퓨어 캐스틸 솝 950ml 12종 택 1 (기획/단품),"24,210원 ~",,
[더블기획/1+1] 토리든 다이브인 히알루론산 수딩 크림 더블기획 (100ml+100ml),"27,930원",,
[올영세일특가 단품/1+1] 키스미 스무스 리퀴드 아이라이너 N (3 color) 단품/1+1 한정기획,"9,830원 ~",,
[2025 연말결산특가] 브링그린 징크테카 트러블 세럼 (대용량/콜라보/기획),"26,600원 ~",,
[1+1] 이니스프리 레티놀 시카 흔적 앰플 30ml 더블 기획,"27,240원",,
[보송톤업/파데프리] 닥터지 브라이트닝 업 선 플러스 기획 (50+50+10),"24,300원 ~",,
[NEW/1+1] 토리든 셀메이징 저분자 콜라겐 볼륨 립 에센스 11ml 더블 기획,"9,120원",,
[어워즈특가/1등 마스크] 토리든 다이브인 저분자 히알루론산 마스크 12매 어워즈 한정기획 (+밸런스풀 1매),"14,710원",,
[어워즈특가][2025엠디스픽] 롬앤 글래스팅 컬러 글로스 단품/기획,"8,900원 ~",,
[어워즈특가] 프리메라 비타티놀 바운시 리프트 세럼 30g 1+1 어워즈 한정기획 (+크림 1ml*3입),"28,900원 ~",,
[2025어워즈1위] 투쿨포스쿨 프로타주 펜슬 기획 (+전용샤프너&키링캡 증정),"9,600원 ~",,
[정수리탈모앰플] 닥터포헤어 폴리젠 씨크닝 세럼 50ml + 스케일러 50g 기획 탈모앰플 탈모케어 두피앰플,"27,460원",,
[어워즈특가/블루니팅백 증정] 힌스 메쉬 매트 쿠션 어워즈 한정기획(+리필+블루니팅백),"26,900원 ~",,
[어워즈특가] 페리페라 잉크 무드 글로이 틴트 어워즈 한정기획/단품 (+ 선샤인치크 본품 증정),"8,250원 ~",,
[품절대란] 닥터아돌 카테킨 아세로라 바베이도스 체리C D 60정 (30일분),"24,900원",,
플라이밀 단백질쉐이크 45g 9종 택1,"3,900원 ~",,
[어워즈특가] 바닐라코 프라임 프라이머 피니쉬 파우더 기획 (+파우더 브러쉬+퍼프 2개입 증정),"15,000원 ~",,
[7일 특가/1등 클렌징밤] 바닐라코 클린잇제로 클렌징밤 100ml 기획 (+미니밤 25ml 증정),"13,500원 ~",,
[어워즈 특가] 에뛰드 컬 픽스 마스카라 1+1 어워즈 한정기획 (+미니 리무버카라),"15,200원 ~",,
[한정기획] 하트퍼센트 도트 온 무드 립펜슬/라인프루프 립펜슬 0.8g 31종 (단품/기획),"11,900원 ~",,
[어워즈특가] 어노브 실크 오일 헤어 에센스 70ml 어워즈 한정/더블 기획 3종 택 1,"27,500원 ~",,
[어워즈특가] 컬러그램 누디 블러 틴트 20 COLOR(기획/단품),"8,100원 ~",,
[어워즈특가] 헤라 센슈얼 누드 글로스 (+스컬프트 립 컨실러+실키 립트리트먼트),"32,000원 ~",,
[광채탄력] 닥터지 블랙스네일 크림 50ml 1+1 기획 (+15ml 추가 증정),"23,900원",,
[대용량기획/아따맘마 콜라보] 차앤박 프로폴리스 에너지 액티브 앰플 50ml 리필기획 (+키링 파우치),"32,900원",,
[7일특가] [디바이스 라인업] 메디큐브 부스터프로/미니플러스/울트라튠 택 1,"115,900원 ~",,
[7일특가/1등모공떡솝] 아렌시아 떡솝 프레시 클렌저 120g 기획 3종 (그린/로즈힙/블루히솝),"15,900원 ~",,
[올영세일 특가]에스트라 아토베리어365 하이드로에센스 200ml 기획(+크림 10ml+세라-히알 앰플 10ml),"22,700원",,
[올영세일 특가]에스트라 아토베리어365 로션 150ml 기획 (하이드로에센스 25ml+세라-히알 앰플 7ml),"22,900원",,
[다예PICK/한정기획] 메디힐 하이퍼 콜라겐 마스크 8+1매 기획,"24,200원",,
[12/5 하루특가/올영단독기획/단독컬러] 릴리바이레드 러브빔 치크밤 13종,"8,900원 ~",,
[어워즈특가] 아로마티카 퓨어 앤 소프트 여성청결제 170ml 4종 택 1 (듀오/리필),"18,200원 ~",,
"메디힐 콜라겐 캡슐 패치 60+60매 더블 기획 2종 택1 [레티놀, 비타민C]","24,820원 ~",,
[7일특가/대용량더블] 마녀공장 퓨어&딥 클렌징폼 160mlx2 더블기획,"11,970원",,
[광채크림/NEW대용량] 차앤박 프로폴리스 앰플 액티브 샷 크림 75ml 2입,"24,210원",,
